	Experiment	Encoded_len	Uniq_words	Variational	Uniq	Layernum	Train_char_acc	Valid_char_acc	Test_char_acc	Test_word_acc	Test_Leven_avg	Train_Leven_avg	Valid_Leven_avg	Layers
0	autoencoder_lowered__20170426132048	0.0	200000	False	True	2	0.9535863433447911	0.9435361883295768	0.9445604808414726	0.49186075632356624	1.10848985725	0.927803552534	1.12882544453	[180, 960]
1	autoencoder_lowered_180_20170426020549	180.0	100000	False	True	2	0.9562084953888483	0.9435461956521739	0.9435597826086957	0.6792119565217392	0.563722826087	0.439613444522	0.564130434783	[180, 480]
2	autoencoder_lowered_180_20170425191019	180.0	1000000	False	True	2	0.9502671033057053	0.9503699839641415	0.95046272145907	0.6332618481809926	0.495372785409	0.497328966943	0.496300160359	[180, 480]
3	autoencoder_lowered_180_20170425190845	180.0	200000	False	True	2	0.9669624811670893	0.9532960975968252	0.9533401925479532	0.734989343720144	0.46659807452	0.330375188329	0.467039024032	[180, 480]
4	autoencoder_lowered__20170426132656	0.0	200000	False	True	2	0.9529176606122078	0.942892561983471	0.9438141748059103	0.48564988730277986	1.12341597796	0.941271123299	1.14184823441	[180, 960]
5	autoencoder_lowered__20170426132656	0.0	200000	False	True	4	0.9948743715446696	0.9843451039318808	0.9842048585023792	0.9289757074881042	0.315852742299	0.102493785884	0.313097921362	[600, 500, 600, 960]
6	autoencoder_lowered_180_20170425190359	180.0	100000	False	True	2	0.9789908116646003	0.9649728260869566	0.9650135869565217	0.210091883354	0.8404891304347826	0.35027173913	0.349864130435	[180, 480]
7	autoencoder_lowered_180_20170425190717	180.0	100000	False	True	2	0.9786154656159242	0.9651902173913044	0.9638722826086956	0.8296195652173913	0.361277173913	0.213845343841	0.348097826087	[180, 480]
